Negative Keywords,,,,,,,,
,stricture,,,,,,,
,delivery,,,,,,,
,yeast infection,,,,,,,
,sex toys,,,,,,,
,pet,,,,,,,
,cat,,,,,,,
,dog,,,,,,,
,horse,,,,,,,
,hamster,,,,,,,
,cat,,,,,,,
,animal,,,,,,,
,sex video,,,,,,,
,games,,,,,,,
,pep boys,,,,,,,
,puppy,,,,,,,
,kitten,,,,,,,
,puppies,,,,,,,
,kittens,,,,,,,
,rihanna,,,,,,,
,hives,,,,,,,
,auto parts,,,,,,,
,anime,,,,,,,
,,,,,,,,
,,,,,,,,
Brand,,,,,,,,
,Obria,,,,,,,
,Thrive,,,,,,,
,Eva,,,,,,,
,Eve,,,,,,,
,ADD ALL PHC BRANDS HERE,,,,,,,
,,,,,,,,
,,,,,,,,
,,,,,,,,
,,,,,,,,
Competitor,,,,,,,,
,Parenthood,PP,,,,,,
,,Planned,,,,,,
,nuvaring,,,,,,,
,,,,,,,,
,,,,,,,,
General,,,,,,,,
,5 abortion,,,,abortion,,,abortion pill finder
,,1 finder,,,"""abortion"" ""finder""",,,
,,4 pill,,,"""abortion"" ""pill""",,,
,,,2 cost,,"""abortion"" ""pill"" ""cost""",,,
,,,3 free,,"""abortion"" ""pill"" ""free""",,,
,,,,,,,,
,wade,,,,,,,
,,roe,row,6,,,,
,dobbs,,,,,,,
,,,,,,,,
,endometriosis,,,,,,,
,,,,,,,,
,sex,,,,,,,
,,education,,,,,,
,,lesbian,,,,,,
,,stories,,,,,,
,,positions,,,,,,
,,chat,,,,,,
,,,,,,,,
,Contraceptive,,,,,,,
,,Oral,,,,,,
,,,,,,,,
,,,,,,,,
,plan b,,,,,,,
,,pill,,,,,,
,Ella,,,,,,,
,,One,,,,,,
,,,pregancy,,,,,
,iud,,,,,,,
,,,,,,,,
,,,,,,,,
,Birth,,,,,,,
,,Natural,,,,,,
,,Control,,,,,,
,,,Pill,,,,,
,,chart,,,,,,
,pregnancy,preg,,,,,,
,,symptoms,,,,,,
,,,early,,,,,
,,signs,,,,,,
,,ectopic,,,,,,
,,calculator,,,,,,
,,test,,,,,,
,period,,,,,,,
,,calculator,,,,,,
,,,,,,,,
,date,,,,,,,
,,due,,,,,,
,,,calculator,,,,,
,edd,,,,,,,
,chlamydia,,,,,,,
,,symptoms,,,,,,
,herpes,,,,,,,
,,symptoms,,,,,,
,hpv,,,,,,,
,gonorrhea,,,,,,,
,syphilis,,,,,,,
,,symptoms,,,,,,
,genital,,,,,,,
,,herpes,,,,,,
,,warts,,,,,,
,lice,,,,,,,
,scabies,,,,,,,
,PID,pelvic inflamatory disease,,,,,,
,trichomoniasis,,,,,,,
,vaginosis,,,,,,,
,,bacterial,,,,,,
,blue waffle,,,,,,,
,vaginitis,,,,,,,
,hepatitis b,,,,,,,
,hiv,,,,,,,
,,symptoms,,,,,,
,,,,,,,,
,balanitis,,,,,,,
,scabies,,,,,,,
,,,,,,,,
,,,,,,,,
,access,,,,,,,
,,florida,,,,,,
,,,,,,,,
,,,,,,,,
,,,,,,,,
,uti,urinary tract infection,,,,,,
,,symptoms,,,,,,
,yeast,,,,,,,
,,infection,,,,,,
,pap,,,,,,,
,,smear,,,,,,
,nitrofurantoin,,,,,,,
,vasectomy,,,,,,,
,tubectomy,,,,,,,
,,,,,,,,
,trans,,,,,,,
,asexual,,,,,,,
,lgbtq,,,,,,,
,69,,,,,,,
,cisgender,,,,,,,
,queer,,,,,,,
,penis,,,,,,,
,cum,sperm,,,,,,
,vagina,,,,,,,
,rape,,,,,,,
,porn,,,,,,,
,,,,,,,,
,obgyn,,,,,,,
,gynecologist,,,,,,,
,,,,,,,,
,anal,,,,,,,
,viagra,,,,,,,
,cialis,,,,,,,
,pmdd,,,,,,,
,vulva,,,,,,,
,,,,,,,,
,,,,,,,,
,father,,,,,,,
,,day,,,,,,
,,,,,,,,
,,,,,,,,
,mother,,,,,,,
,,day,,,,,,
,,,,,,,,
,dad,,,,,,,
,,jokes,,,,,,
,parent,,,,,,,
,,portal,,,,,,
,family,,,,,,,
,mom,moma,,,,,,
,baby,,,,,,,
,,registry,,,,,,
,,,,,,,,
,eclampsia,,,,,,,
,,pre,,,,,,
,,,,,,,,
,,,,,,,,
,,,,,,,,
,method,,,,,,,
,,temperature,,,,,,
,,,,,,,,
,,,,,,,,
,,,,,,,,
,metronidazole,6,,,,,,
,,,,,,,,
,,,,,,,,
,enfamil,,,,,,,
,,,,,,,,
,ovulation,,,,,,,
,,calculator,,,,,,