Keyword,Frequency
baby bella mushrooms,9900
baby bella,3600
bella baby,2900
dad jokes about mozzarella,2400
baby bella mushroom nutrition,1900
baby bella mushroom recipes,1900
bella baby photography,1900
ella birth control,1900
gardnerella vaginalis std,1900
noella bergener father,1900
baby stella,1600
ella morning after pill,1600
ocella birth control,1600
stella on how i met your mother,1600
twilight bella pregnant,1600
ariella ferrera mom,1300
bella hadid dad,1300
bella hadid mom,1300
bella's pregnancy twilight,1300
rubella pregnancy,1300
stella from how i met your mother,1300
stella how i met your mother,1300
twilight pregnant bella,1300
wee baby stella,1300
bella's dad twilight,1000
my mom is my constellation chapter 20,1000
stella in how i met your mother,1000
baby stella doll,880
bella baby pump,880
can you eat mozzarella when pregnant,880
cremini mushrooms vs baby bella,880
how to cook baby bella mushrooms,880
isabella guzman mother picture,880
mom chaffe's cellarette,880
rubella in pregnancy,880
baby bella vs white mushrooms,720
baby castella,720
bella hadid birth chart,720
bella swan pregnant,720
bellas dad in twilight,720
cinderella step mother,720
my mom is my constellation chapter 1,720
rubella vaccine pregnancy,720
stuffed baby bella mushrooms,720
umbrella academy mom,720
baby bella mushroom,590
baby bella mushrooms nutrition,590
baby bellas,590
baby portabella mushrooms,590
bella hadid father,590
bella pregnant,590
bella swan pregnancy,590
bella thorne mom,590
bella twins mom,590
cinderella step mom,590
cinderella's step mother,590
mozzarella pregnancy,590
mozzarella pregnant,590
abella danger i love your dad,590
bella ramsey birth chart,480
bellas pregnancy,480
cinderella story step mom,480
cinderellas step mom,480
cremini vs baby bella,480
how i met your mother stella,480
humane society of pinellas adoption,480
is gardnerella vaginalis an std,480
is nikki bella's mom married,480
isabella guzman mother,480
lil baby acapella,480
nikki bella pregnant,480
sarah vandella mom,480
shanquella robinson mother,480
uppa baby umbrella stroller,480
are baby bella mushrooms good for you,480
bella baby iafd,390
bella hadid baby,390
bella thornes mom,390
bella thorne's mom,390
bella's dad,390
calories in baby bella mushrooms,390
can i eat mozzarella while pregnant,390
cinderella story mom,390
cinderella's mother,390
crimini vs baby bella,390
ella craig mother,390
ella mai mother,390
how to clean baby bella mushrooms,390
how to tell if baby bella mushrooms are bad,390
i love your dad abella danger,390
manhattan toy baby stella,390
nikki bella baby,390
roasted baby bellas,390
rubella and pregnancy,390
rubella is positive in pregnancy,390
rubella positive in pregnancy,390
rubella with pregnancy,390
sauteed baby bella mushrooms,390
stella baby,390
umbrella academy dad,390
white mushrooms vs baby bella,390
a cinderella story step mom,390
baby stella accessories,320
bella hadid mother,320
bella ramsey dad,320
bella ramsey father,320
bellas dad,320
can pregnant women eat mozzarella,320
can you have mozzarella when pregnant,320
cinderella's mom,320
ella mai father,320
ella mai father picture,320
ella mai mom,320
estrella birth control,320
gardnerella vaginalis pregnancy,320
infant umbrella stroller,320
is michelle rotella pregnant,320
mellanie monroe mom,320
mom umbrella academy,320
my mom is my constellation,320
nikki bella mom,320
nina ella mom,320
ocella birth control reviews,320
pirmella birth control,320
positive rubella pregnancy,320
pregnant bella twilight,320
rubella igg positive in pregnancy,320
stella mccartney baby,320
umbrella stroller for infant,320
varicella vaccine pregnancy,320
varicella vaccine when pregnant,320
baby bella mushroom recipe,320
baby bella mushrooms calories,320
baby bella mushrooms recipe,320
baby bella vs cremini,320
baby cinderella costume,320
bella poarch mom,260
belladonna pregnant,260
can you eat fresh mozzarella when pregnant,260
cece capella pregnant,260
chicago fire stella pregnant,260
cinderella dad,260
cinderella's dad,260
cinderella's father,260
did stella kidd have a baby in real life,260
ella mai baby father,260
fresh mozzarella pregnant,260
how did bella get pregnant,260
how did edward get bella pregnant,260
how i met your mother yellow umbrella,260
infant in umbrella stroller,260
isabella guzman mom,260
isabella strahan mom,260
lil baby coachella,260
mom from cinderella story,260
mozzarella while pregnant,260
non immune rubella in pregnancy,260
parent portal pinellas,260
positive for rubella in pregnancy,260
pregnancy fresh mozzarella,260
pregnancy rubella non immune,260
pregnant fresh mozzarella,260
pregnant mozzarella cheese,260
pregnant with rubella,260
rubella during pregnancy,260
rubella igg normal range in pregnancy,260
rubella igg positive in pregnancy means,260
rubella non immune in pregnancy,260
rubella symptoms pregnancy,260
stella andrews mom,260
step mom from cinderella story,260
summer infant umbrella stroller,260
twilight bella's dad,260
what are baby bella mushrooms,260
baby bella mushroom benefits,260
baby umbrella cockatoo for sale near me,210
baby umbrella stroller,210
bella hadid pregnant,210
bella hadid's mom,210
bella swan dad,210
bella thorne pregnancy,210
bella thorne pregnant,210
bella twins dad,210
birth constellations,210
can pregnant women eat mozzarella cheese,210
can you eat baby bella mushrooms raw,210
can you eat mozzarella cheese while pregnant,210
danica mckellar how i met your mother,210
daniella alonso pregnant,210
ella mai dad,210
ella mai mother and father,210
how long was bella pregnant,210
isabella rossellini mother,210
mom pov isabella,210
mother of isabella rossellini,210
mozzarella cheese pregnancy,210
mozzarella cheese pregnant,210
noella bergener dad,210
pregnancy varicella,210
rubella equivocal in pregnancy,210
rubella symptoms in pregnancy,210
rubella test in pregnancy,210
rubella vaccine in pregnancy,210
rubella virus in pregnancy,210
sarah michelle gellar pregnant,210
stella parton date of birth,210
test for rubella in pregnancy,210
testing for rubella in pregnancy,210
the yellow umbrella how i met your mother,210
twilight bellas dad,210
umbrella academy dad alien,210
varicella in pregnancy,210
who is gabriella wilson father,210
who killed the dad in umbrella academy,210
yella beezy dad,210
a cinderella story mom,210
abella danger pregnant,210
alabama luella barker mom,210
ariella ferrera perv mom,210
bella mom,210
bella pregnant twilight,210
bella thorne dad,210
bella thorne's dad,210
bella vie gentle birth center,210
bellas mom,210
bella's mom twilight,210
brie bella pregnant,170
carmella bing pregnant,170
cruella's mom,170
equivocal rubella in pregnancy,170
gabriella papadakis abortion,170
izabella 16 and pregnant,170
mellanie-monroe mom,170
nick castellanos mom,170
noellas father,170
pinellas county parent portal,170
pinellas county schools parent portal,170
pregnancy and rubella,170
pregnancy rubella vaccine,170
pregnant bella swan,170
rubella igg positive is good or bad in pregnancy,170
rubella vaccination pregnancy,170
rubella vaccine for pregnant,170
rubella vaccine when pregnant,170
shanquella robinson dad,170
shanquella robinson mom,170
tyler henry mother stella,170
umbrella academy father,170
umbrella academy mom actress,170
yogabella mom,170
alex ramsey bella ramsey's dad,170
ariella ferreira mom,170
ariella ferrera my friends hot mom,170
bella gives birth,170
bella giving birth,170
bella ho mom,170
bella twins pregnant,170
bellaface birth control,170
bella's dad from twilight,170
birth month constellations,170
can i have mozzarella while pregnant,140
can you eat mozzarella while pregnant,140
constellation birth month,140
how i met your mother umbrella,140
is nikki bella pregnant,140
michelle rotella pregnant,140
mom chaffe's cellarette menu,140
mother estella boyd,140
noella bergener mother,140
qtcinderella mom,140
rhaella targaryen mother,140
shanquella robinson date of birth,140
sick bella pregnant twilight,140
the cancellation of mother russia is underway,140
the umbrella academy mom,140
twilight bella's mom,140
twilight fanfiction bella is the pack mother,140
when did noellas dad die,140
who is gabriella wilson mom,140
alex ramsey bella ramsey father,140
bella dad,140
bella hadid's dad,140
bella ramsey birth defect,140
bella ramsey mother,140
bella thorne birth chart,140
bella thornes dad,140
bella twins father,140
bella twins mother,140
can pregnant women eat fresh mozzarella,110
cinderella pregnant,110
della vlogs pregnant,110
ella mai pregnant,110
ella morning after pill cvs,110
fairy god mother cinderella,110
father joseph capella,110
henry cuellar abortion,110
how did cinderella's dad die,110
morning after pill ella,110
mother isabella,110
noellas dad,110
shanquella robinson father,110
the bella twins father,110
twilight bella dad,110
umbrella academy mother,110
who is bella ramsey's dad,110
who is isabella rossellini's mother,110
who played bella's dad in twilight,110
who plays bella's dad in twilight,110
